term,estimate,std.error,statistic,p.value,model
(Intercept),-0.027430163206392567,0.12095579947742738,-0.22677840438326027,0.8215591065194241,early_change
early_change,0.051500288045225044,0.020124798458008703,2.5590461515767577,0.01370350511235755,early_change
Age,-4.2531551198993147e-4,0.0039517024928849,-0.10762842414268747,0.914739071990594,early_change
Sexmale,0.1052691880517226,0.07242655046728953,1.4534612979982526,0.15260292346593904,early_change
(Intercept),-0.016057162671845208,0.12240318395590961,-0.13118255712718305,0.8961791877946794,later_change
later_change,0.05594909165268007,0.02452636337931561,2.281181714035311,0.02701547644699986,later_change
Age,-1.0809585614306232e-4,0.004010607187651308,-0.02695249150200756,0.9786093728114204,later_change
Sexmale,0.06843246601870014,0.07502354479419243,0.9121465295518466,0.36625018868363246,later_change
(Intercept),-0.020882934660785613,0.12427056830690869,-0.16804409077144816,0.8672546504648789,overall_change
overall_change,0.040869947247405274,0.021445658106627533,1.9057446054674765,0.06268177155981126,overall_change
Age,-3.0401844311471476e-4,0.004067880068408638,-0.0747363339140053,0.9407351049031656,overall_change
Sexmale,0.08904691693071762,0.07488571879496579,1.1891041224365442,0.24024801744907667,overall_change
