ID,Sex,Age,Block,shift,cluster
1,male,20,1,1.461871022105263,1
1,male,20,2,-1.827402974736842,1
1,male,20,3,0.2767630912280704,1
1,male,20,4,0.6708504189473685,1
10,female,24,1,-3.571335977894737,2
10,female,24,2,1.0275603052631581,2
10,female,24,3,-1.7928070087719299,2
10,female,24,4,-0.8273972210526315,2
11,female,26,1,1.786603302105263,3
11,female,26,2,2.370504945263158,3
11,female,26,3,0.42347827122807014,3
11,female,26,4,0.5181534189473682,3
12,female,35,1,1.7587960221052628,1
12,female,35,2,1.0113103052631582,1
12,female,35,3,1.0141977712280703,1
12,female,35,4,-0.15340612105263185,1
13,male,28,1,-0.654593977894737,2
13,male,28,2,0.34849766526315773,2
13,male,28,3,0.36198529122807016,2
13,male,28,4,-0.07451822105263162,2
14,male,28,1,-0.8632489778947369,2
14,male,28,2,0.4929513052631578,2
14,male,28,3,0.7442626312280702,2
14,male,28,4,1.9758234189473685,2
15,female,26,1,0.43262166210526326,3
15,female,26,2,0.024263305263157675,3
15,female,26,3,-1.8107221887719303,3
15,female,26,4,0.07241041894736844,3
16,female,55,1,-0.0657189778947368,1
16,female,55,2,-0.7176996947368421,1
16,female,55,3,0.5841279112280701,1
16,female,55,4,-0.24837722105263138,1
17,female,23,1,0.9901336621052631,2
17,female,23,2,-1.1520073347368422,2
17,female,23,3,-0.6997733687719299,2
17,female,23,4,1.2249724189473685,2
18,female,24,1,2.241486122105263,1
18,female,24,2,0.7602929452631579,1
18,female,24,3,1.2329989112280701,1
18,female,24,4,0.8150664189473685,1
19,female,18,1,1.2668746621052631,3
19,female,18,2,1.0128803052631579,3
19,female,18,3,-0.8136683687719297,3
19,female,18,4,0.4714034189473686,3
2,female,20,1,-4.605514977894737,2
2,female,20,2,-2.2745643347368425,2
2,female,20,3,1.2175789112280702,2
2,female,20,4,1.1037534189473681,2
20,female,18,1,1.2489496621052631,1
20,female,18,2,0.08463930526315777,1
20,female,18,3,0.5123539112280702,1
20,female,18,4,-0.5907918610526316,1
21,male,29,1,1.0383536621052634,1
21,male,29,2,0.30073230526315775,1
21,male,29,3,1.57859727122807,1
21,male,29,4,-1.5745252210526317,1
22,female,19,1,0.766547662105263,1
22,female,19,2,-0.23260769473684206,1
22,female,19,3,-0.09994036877192969,1
22,female,19,4,0.09510541894736846,1
23,male,28,1,0.06374166210526311,1
23,male,28,2,0.27518830526315796,1
23,male,28,3,1.0923419112280701,1
23,male,28,4,-0.9294758610526315,1
24,female,38,1,0.5897916221052628,1
24,female,38,2,-0.848344694736842,1
24,female,38,3,1.5542089112280701,1
24,female,38,4,1.1145900589473683,1
25,female,22,1,1.218556662105263,1
25,female,22,2,0.0895663052631579,1
25,female,22,3,1.55496927122807,1
25,female,22,4,-0.5493285810526312,1
26,female,26,1,0.3426376621052632,1
26,female,26,2,-0.6445076947368422,1
26,female,26,3,1.33179263122807,1
26,female,26,4,-1.5306152210526314,1
27,male,27,1,0.2631916621052631,1
27,male,27,2,1.478841305263158,1
27,male,27,3,1.58528791122807,1
27,male,27,4,-0.29394622105263163,1
28,female,20,1,0.9414076621052632,3
28,female,20,2,3.116999945263158,3
28,female,20,3,-2.3518931487719295,3
28,female,20,4,0.15152191894736777,3
29,male,19,1,0.3743280221052633,3
29,male,19,2,-0.14615069473684222,3
29,male,19,3,-0.8015737287719298,3
29,male,19,4,-0.43025604105263127,3
3,male,25,1,0.26505566210526327,2
3,male,25,2,-0.12563333473684202,2
3,male,25,3,1.1512492712280702,2
3,male,25,4,1.5454664189473686,2
30,male,23,1,-1.4361193378947368,2
30,male,23,2,-2.132939334736842,2
30,male,23,3,-0.4112727287719298,2
30,male,23,4,2.0353374189473685,2
31,male,23,1,-0.720186337894737,2
31,male,23,2,1.4641273052631578,2
31,male,23,3,0.1721022712280703,2
31,male,23,4,0.9974720589473685,2
32,female,18,1,-1.0656069778947368,1
32,female,18,2,-0.4357056947368423,1
32,female,18,3,0.6790759112280701,1
32,female,18,4,-1.7375842210526313,1
33,male,20,1,0.18627298210526333,3
33,male,20,2,1.1151573052631578,3
33,male,20,3,-2.3450993687719297,3
33,male,20,4,0.23884041894736838,3
34,male,37,1,1.8655796621052632,3
34,male,37,2,0.4761593052631581,3
34,male,37,3,-1.41378436877193,3
34,male,37,4,0.27129205894736835,3
35,female,25,1,1.1017676621052632,3
35,female,25,2,-0.09682605473684225,3
35,female,25,3,-1.0183733687719299,3
35,female,25,4,0.6211574189473685,3
36,female,57,1,-0.9383383378947368,1
36,female,57,2,-1.3256023347368422,1
36,female,57,3,0.7750712712280702,1
36,female,57,4,-0.43256622105263165,1
37,female,53,1,-1.264754337894737,2
37,female,53,2,2.3256939452631578,2
37,female,53,3,0.5066652712280701,2
37,female,53,4,0.06087241894736839,2
38,male,22,1,-0.4301689778947367,2
38,male,22,2,-1.2087633347368423,2
38,male,22,3,0.2851642712280701,2
38,male,22,4,1.6807384189473684,2
39,female,25,1,1.3778336621052634,3
39,female,25,2,1.7242213052631579,3
39,female,25,3,-0.6901023687719299,3
39,female,25,4,-1.7023248610526318,3
4,male,21,1,0.29640730210526334,1
4,male,21,2,-1.993362334736842,1
4,male,21,3,0.55350591122807,1
4,male,21,4,-0.6268992210526316,1
40,male,19,1,-2.840851977894737,2
40,male,19,2,0.21502230526315796,2
40,male,19,3,-0.20193522877192943,2
40,male,19,4,0.1346474189473681,2
41,female,22,1,-0.9098799778947368,2
41,female,22,2,1.1775509452631576,2
41,female,22,3,0.47563977122807066,2
41,female,22,4,1.1905904189473684,2
42,female,28,1,0.14148466210526311,1
42,female,28,2,0.19857030526315778,1
42,female,28,3,0.1615542712280701,1
42,female,28,4,-1.0747892210526313,1
43,female,20,1,-2.5599259778947365,1
43,female,20,2,-3.3469773347368426,1
43,female,20,3,0.6997124512280699,1
43,female,20,4,-0.7712689010526319,1
44,male,44,1,-0.10631797789473696,2
44,male,44,2,0.03282030526315777,2
44,male,44,3,-0.26908472877192996,2
44,male,44,4,0.8348474189473685,2
45,male,46,1,2.0011253021052635,1
45,male,46,2,-0.7058923347368422,1
45,male,46,3,-0.1694797287719298,1
45,male,46,4,-0.2689932210526317,1
46,male,44,1,-1.6906959778947366,2
46,male,44,2,-0.37332133473684237,2
46,male,44,3,-1.5412483687719298,2
46,male,44,4,1.5931700589473687,2
47,male,33,1,0.8560416621052631,3
47,male,33,2,2.810901585263158,3
47,male,33,3,-1.9020367287719298,3
47,male,33,4,-0.14719258105263155,3
48,male,31,1,-0.3451749778947368,1
48,male,31,2,-2.6929107947368425,1
48,male,31,3,-0.6309177287719301,1
48,male,31,4,-1.208259041052631,1
49,male,23,1,-0.39457737789473724,3
49,male,23,2,3.0239475852631577,3
49,male,23,3,-2.6186513687719297,3
49,male,23,4,-0.2890885810526316,3
5,female,41,1,0.13651202210526325,2
5,female,41,2,-0.6035853347368422,2
5,female,41,3,-0.11549972877192982,2
5,female,41,4,0.9758134189473686,2
50,female,34,1,-1.5415519778947369,2
50,female,34,2,0.008293305263157857,2
50,female,34,3,-0.5151987287719297,2
50,female,34,4,-0.5727865810526314,2
51,female,19,1,-0.42130897789473687,1
51,female,19,2,0.6432630252631577,1
51,female,19,3,0.3054562712280703,1
51,female,19,4,-2.0332532210526315,1
52,female,25,1,0.48840102210526315,1
52,female,25,2,-0.8462036947368423,1
52,female,25,3,0.8958597312280698,1
52,female,25,4,0.9414924189473685,1
53,female,31,1,0.13900266210526313,1
53,female,31,2,0.325691765263159,1
53,female,31,3,1.5605189112280702,1
53,female,31,4,-1.8178122210526317,1
54,female,27,1,0.04245666210526322,1
54,female,27,2,0.6288989452631579,1
54,female,27,3,0.5036609112280701,1
54,female,27,4,-0.4334819410526314,1
55,female,25,1,0.10399866210526315,3
55,female,25,2,0.318752305263158,3
55,female,25,3,-0.6095463687719297,3
55,female,25,4,0.17424641894736842,3
56,male,28,1,1.9555476621052632,3
56,male,28,2,-0.2533663347368422,3
56,male,28,3,-1.1389507287719296,3
56,male,28,4,0.5244474189473685,3
57,male,24,1,0.38428102210526305,1
57,male,24,2,-0.7780593347368425,1
57,male,24,3,-0.3165243687719296,1
57,male,24,4,-0.5182355810526316,1
6,male,20,1,-2.382041977894737,2
6,male,20,2,1.1785563052631578,2
6,male,20,3,0.4475719112280701,2
6,male,20,4,0.36584205894736843,2
7,female,25,1,0.08092202210526334,1
7,female,25,2,-2.4182503347368423,1
7,female,25,3,-0.3996497287719296,1
7,female,25,4,-0.568886581052632,1
8,male,22,1,0.005623022105263109,1
8,male,22,2,-2.3322863347368425,1
8,male,22,3,0.08614463122807003,1
8,male,22,4,-0.8836142210526317,1
9,male,25,1,0.5937086621052631,1
9,male,25,2,-0.5488856947368421,1
9,male,25,3,0.35383627122807026,1
9,male,25,4,-0.1102502210526316,1
