ID,diagnosis,treatment,sex,age,cue_contrast,outcome_contrast,shift
1,HC,p,0,23,0.15028564700000002,0.530264367,-0.37997872
2,HC,p,0,22,0.2080956530000001,2.347104223,-2.13900857
3,HC,p,0,39,-0.596392778,-0.8114535719999999,0.2150607939999999
4,HC,a,0,33,-0.5674141582500002,-1.624560682,1.0571465237499997
5,HC,a,0,28,-0.7240619239999999,-1.653019271,0.9289573470000001
6,MDD,a,0,21,-0.30795392499999996,-2.547407667,2.239453742
7,HC,p,0,22,0.151343974,-0.308640174,0.459984148
8,HC,a,0,21,-0.177566275,-1.1435395210000001,0.9659732460000001
9,HC,p,0,21,0.14563761199999997,-3.229338231,3.3749758429999996
10,HC,a,0,28,-1.055045937,0.01563961299999994,-1.0706855499999999
11,HC,a,0,20,-0.817764541,0.06621602100000001,-0.883980562
12,MDD,p,0,24,0.703226978,1.0071586609999998,-0.30393168299999984
13,MDD,p,0,34,0.8230887060000001,1.3943827249999998,-0.5712940189999998
14,MDD,p,0,22,-1.2221945879999998,-0.8571209399999999,-0.36507364799999986
15,HC,p,0,28,0.793278122,0.13725541100000016,0.6560227109999999
16,MDD,a,0,20,-0.373540785,0.755380245,-1.1289210299999999
17,MDD,p,0,24,0.897480738,0.8741303629999997,0.023350375000000256
18,MDD,a,0,35,1.1397336240000002,0.09228081300000035,1.0474528109999999
19,HC,a,0,38,-0.119274869,0.791654896,-0.9109297650000001
20,MDD,p,0,28,-1.059435887,-0.653241597,-0.40619429000000007
21,MDD,p,0,22,-0.9489653580000001,-0.6898864009999999,-0.2590789570000003
22,HC,a,0,37,-0.04036769800000001,0.49956489000000015,-0.5399325880000001
23,MDD,a,0,23,-0.30568420399999985,-0.155857776,-0.14982642799999984
24,HC,p,0,29,0.563713423,0.453606726,0.11010669700000003
25,MDD,a,0,31,-0.5638984120000001,-1.751505475,1.187607063
26,MDD,a,0,25,0.279161586,-0.34889208099999997,0.628053667
27,MDD,a,0,29,0.5157869079999999,-0.6802058719999999,1.1959927799999999
28,MDD,p,0,35,-0.5592307019999998,1.580597268,-2.13982797
29,MDD,p,0,21,1.048706282,0.787100913,0.261605369
30,MDD,p,0,31,-0.5692692210000001,1.322867809,-1.89213703
31,MDD,a,0,43,0.888042771,0.37127248200000007,0.5167702889999999
32,MDD,p,0,31,-0.7541811350000001,1.162435894,-1.916617029
33,MDD,p,0,21,-0.06764395700000003,0.613224225,-0.680868182
34,MDD,a,0,27,-0.978338001,-0.17194836000000002,-0.806389641
35,MDD,a,0,23,-1.182706605,-1.686308445,0.5036018400000002
36,HC,a,1,43,0.20226653900000002,0.25608732599999995,-0.053820786999999926
37,HC,a,0,22,-0.9509259290000001,-0.07425356899999996,-0.8766723600000002
38,MDD,a,1,48,1.871927024,-0.39007936,2.262006384
39,HC,a,0,26,1.273094472,0.20305145300000005,1.0700430189999999
40,HC,p,1,41,0.5298007669999999,0.906271712,-0.3764709450000001
41,HC,a,0,19,0.466416921,-0.5198004109999999,0.9862173319999998
42,HC,p,0,20,0.7274245930000001,-0.8614196679999999,1.588844261
43,HC,p,1,25,0.1704708909999999,-1.043701252,1.2141721429999999
44,MDD,p,1,25,0.07737377499999987,-0.47370555300000006,0.5510793279999999
45,HC,p,1,25,0.12413278100000003,-0.26515275399999993,0.38928553499999996
46,HC,a,0,18,0.371831858,0.53444863,-0.16261677199999997
47,MDD,a,0,22,-0.663200089,0.37171364100000004,-1.03491373
48,MDD,p,1,20,-2.268851152,0.900860651,-3.1697118029999998
49,HC,p,0,22,1.063448883,-0.5200123109999999,1.5834611939999998
50,MDD,a,0,22,0.331268355,-0.195346007,0.526614362
51,HC,a,0,28,-0.400415406,-0.314883896,-0.08553150999999998
52,HC,p,0,24,-1.078487228,-0.375424805,-0.703062423
53,HC,a,0,26,-0.5339837679999999,0.16294942300000004,-0.696933191
54,HC,p,0,21,0.14276323199999996,-0.373968403,0.516731635
55,HC,p,1,24,-0.52652872,0.310346456,-0.8368751759999999
56,HC,a,0,22,-1.2070429980000001,1.791809077,-2.9988520750000003
57,HC,a,1,19,0.454496973,2.6515940369999997,-2.197097064
58,HC,a,1,27,0.18936418100000002,0.28120249899999994,-0.09183831799999992
59,MDD,a,0,22,-0.025069967000000082,-0.469972603,0.4449026359999999
60,HC,p,0,22,1.742857855,0.18701897199999995,1.555838883
61,MDD,p,0,33,0.14661356100000006,0.759211346,-0.612597785
62,MDD,p,0,29,-0.753562029,-0.625993617,-0.12756841200000002
63,MDD,a,0,26,-1.371756744,-1.224364218,-0.14739252599999997
64,MDD,p,0,31,0.33721028399999997,0.377452581,-0.04024229700000004
65,MDD,a,0,22,0.8621092750000001,0.7102711820000001,0.15183809300000006
66,MDD,p,1,32,-0.5457528239999999,-0.26083603700000013,-0.2849167869999998
67,MDD,p,1,22,1.480813016,1.940418373,-0.45960535700000005
68,HC,a,0,25,0.13093796999999996,-0.01869446300000005,0.149632433
69,HC,p,0,21,-0.6580224050000001,-0.12342603399999996,-0.5345963710000001
70,MDD,a,0,22,0.21461298699999998,2.201411941,-1.986798954
71,MDD,p,1,24,0.012838039000000023,-0.9045566429999999,0.917394682
72,MDD,a,0,42,0.3657966600000001,1.316001487,-0.950204827
73,HC,a,0,22,2.824106349,0.02179879200000001,2.802307557
74,HC,p,0,28,0.40419834499999996,0.638983837,-0.2347854920000001
75,MDD,p,0,21,-0.24069843000000002,-0.08771486800000006,-0.15298356199999996
76,HC,p,0,21,-0.06576829799999995,-0.21732985600000002,0.15156155800000007
77,HC,a,0,20,0.4682545469999999,-0.013254352999999996,0.4815088999999999
78,HC,p,1,28,0.228955159,0.144425094,0.08453006499999999
79,MDD,p,1,35,-0.7392372150000001,-0.509729126,-0.22950808900000008
80,HC,a,1,37,0.916509129,0.596627951,0.31988117800000004
81,HC,a,1,27,-0.48610368299999995,0.8326576670000001,-1.31876135
82,MDD,a,0,19,-0.195909538,-0.47093736700000005,0.27502782900000006
83,MDD,p,1,19,-0.30120125099999995,-0.621009582,0.31980833100000006
84,MDD,a,0,38,-0.015044636000000056,0.467258199,-0.48230283500000004
85,MDD,a,1,28,0.11587611999999997,-0.25277855600000004,0.368654676
86,MDD,p,0,22,-0.33681945,-0.24553029399999998,-0.09128915600000004
87,HC,a,0,23,0.067352443,-1.7193946150000001,1.7867470580000002
88,MDD,a,0,21,-0.699701945,-0.424275434,-0.27542651100000004
89,MDD,a,0,27,0.200841971,-0.05525904500000012,0.2561010160000001
