ID,cluster,silhouette_width
1,1,0.362024714664083
10,2,0.19331697395357733
11,3,0.7491896772463482
12,1,0.48695083188639093
13,2,0.33314076205106924
14,2,0.7319704970933403
15,3,0.8218051290987374
16,1,0.631146446189153
17,2,-0.20798651525168557
18,1,0.5377311753610272
19,3,0.8651083053354852
2,2,0.5656989619971697
20,1,0.5496747323584591
21,1,0.6635288589281481
22,1,-0.2199142706008874
23,1,0.6165716894343516
24,1,0.12604514736383127
25,1,0.7524523976521954
26,1,0.7283498830931425
27,1,0.37344074422481793
28,3,0.8047327969814662
29,3,0.7715226110257812
3,2,0.4538504750181179
30,2,0.5778039571230082
31,2,0.5602235939487443
32,1,0.5538342132419596
33,3,0.7947311606028651
34,3,0.8239568331495493
35,3,0.6755006554603514
36,1,0.38169032097274896
37,2,0.3003882971523899
38,2,0.5223552762894746
39,3,0.4067399225078399
4,1,0.6983813331499188
40,2,0.6807466187077054
41,2,0.7025762444946194
42,1,0.40544300855281745
43,1,0.1554197418884513
44,2,0.370030340514096
45,1,0.07254748495260635
46,2,0.42840278207316146
47,3,0.8006936787767709
48,1,0.650728748307891
49,3,0.6949534781023536
5,2,0.3540038121951623
50,2,0.3819381457526978
51,1,0.3465106808035886
52,1,0.004476081904420218
53,1,0.6358331855375081
54,1,0.40323027894231595
55,3,0.7538847441860261
56,3,0.6641899134411189
57,1,0.3375682860419881
6,2,0.6301654532178205
7,1,0.5466428018710688
8,1,0.7007082268169658
9,1,0.6968410928091904
