ID,subject_intercept,subject_slope
1,-0.02171813794782354,-0.04058157100543191
10,-1.3856095526440375,0.3660228456083442
11,1.1082111403476482,-0.37743700543786246
12,0.8575089575179926,-0.3026974670150349
13,-0.31453407876503603,0.04671295516307216
14,-0.5731302574500404,0.12380585804360518
15,-0.0888276211003197,-0.020574837366339017
16,-0.38284743613367056,0.0670785887615422
17,-0.1886039553728035,0.009170564468132263
18,0.938179400399217,-0.32674700498576925
19,0.5305906948271937,-0.20523632894387187
2,-2.6070491150058692,0.7301594002722199
20,0.5055530903726477,-0.19777209796261397
21,0.6092572118833084,-0.22868845491957765
22,0.11439086097890847,-0.0811584963443275
23,0.10416726676647156,-0.07811063013177437
24,-0.1804961269348434,0.006753452067175013
25,0.5403852019449716,-0.20815627536316259
26,0.09082396870666051,-0.07413271527370509
27,0.43239632306035536,-0.17596254305681536
28,0.8278724659766145,-0.29386221207918267
29,-0.010416849339140388,-0.04395072034694384
3,-0.17247927543819652,0.004363461785874329
30,-1.4889741233469793,0.3968379754026499
31,-0.1935129425333285,0.010634035708630073
32,-0.4275226224192731,0.0803971915924099
33,0.03612417628883685,-0.057825568718421774
34,0.5704414008625864,-0.2171166538030008
35,0.1477040401642721,-0.09108984838765127
36,-0.8586013883488439,0.20891074351209876
37,-0.18929644345028873,0.009377009576389353
38,-0.7718545287105157,0.1830496992410812
39,0.9724398971327064,-0.33696077210616826
4,-0.37933336484776564,0.06603097097485582
40,-1.270799853889788,0.33179568494103207
41,-0.3384829712271592,0.0538526184406481
42,0.07693664568858921,-0.06999261525309777
43,-1.8419192452837652,0.5020582618971943
44,-0.3596823244598706,0.06017258684934718
45,0.4541531910180928,-0.1824487182082802
46,-1.269432549418751,0.33138806302128915
47,0.7377907841132189,-0.2670069878971227
48,-0.8493211971217054,0.20614412536397042
49,0.2806357548026417,-0.13071955915318326
5,-0.40636737311304283,0.07409037148210468
50,-0.7771034993003277,0.1846145266177303
51,0.09826178595756838,-0.07635008339524199
52,-0.19864253959940384,0.012163275353400376
53,0.26572117996545286,-0.12627321398569175
54,0.09023348331542361,-0.07395667928914225
55,-0.08804276673908204,-0.020808818786149406
56,0.4542114238234989,-0.18246607861953787
57,-0.13258988242916184,-0.007528396465267141
6,-0.8444614473485369,0.20469533281339322
7,-0.6468954931944914,0.14579681005273615
8,-0.5819917219478068,0.12644764503898748
9,-4.8470344676845856e-4,-0.046911699749538224
